<application>
  <component name="com.intellij.ide.ui.customization.CustomActionsSchema">
    <group value="FindUsagesMenuGroup" is_group="true" forse_popup="false" action_type="-1" position="8">
      <path value="root" />
      <path value="主菜单" />
      <path value="编辑" />
    </group>
    <group value="TouchBarDefault_cmd" is_group="true" forse_popup="false" action_type="-1" position="4">
      <path value="root" />
      <path value="Touch Bar" />
      <path value="默认" />
    </group>
    <group seperator="true" action_type="-1" position="4">
      <path value="root" />
      <path value="Touch Bar" />
      <path value="默认" />
      <path value="TouchBarDefaultExecution" />
    </group>
    <group value="TouchBarDefaultOptionalGroup" is_group="true" forse_popup="false" action_type="-1" position="1">
      <path value="root" />
      <path value="Touch Bar" />
      <path value="默认" />
    </group>
    <group value="Back" is_action="true" action_type="1" position="0">
      <path value="root" />
      <path value="Touch Bar" />
      <path value="默认" />
      <path value="默认使用 Alt 键" />
    </group>
    <group value="Forward" is_action="true" action_type="1" position="1">
      <path value="root" />
      <path value="Touch Bar" />
      <path value="默认" />
      <path value="默认使用 Alt 键" />
    </group>
    <group value="ToggleLineBreakpoint" is_action="true" action_type="1" position="3">
      <path value="root" />
      <path value="Touch Bar" />
      <path value="默认" />
      <path value="默认使用 Alt 键" />
    </group>
    <group value="GoFmtFileAction" is_action="true" action_type="1" position="4">
      <path value="root" />
      <path value="Touch Bar" />
      <path value="默认" />
      <path value="TouchBarDefaultExecution" />
    </group>
    <group seperator="true" action_type="1" position="4">
      <path value="root" />
      <path value="Touch Bar" />
      <path value="默认" />
      <path value="默认使用 Alt 键" />
    </group>
    <group value="FindUsagesMenuGroup" is_group="true" forse_popup="true" action_type="1" position="5">
      <path value="root" />
      <path value="Touch Bar" />
      <path value="默认" />
      <path value="TouchBarDefaultExecution" />
    </group>
    <group value="ToggleZenMode" is_action="true" action_type="1" position="6">
      <path value="root" />
      <path value="Touch Bar" />
      <path value="默认" />
      <path value="默认使用 Alt 键" />
    </group>
    <group value="FindUsagesMenuGroup" is_group="true" forse_popup="true" action_type="1" position="8">
      <path value="root" />
      <path value="主菜单" />
      <path value="编辑" />
    </group>
    <action id="FindUsagesMenuGroup" icon="jar:file:/Applications/GoLand.app/Contents/lib/app-client.jar!/expui/general/search.svg" />
    <action id="ToggleZenMode" icon="TodoViewGroupByGroup" />
    <action id="GoFmtFileAction" icon="NewPrivateEnvironmentFile" />
  </component>
</application>