<application>
  <component name="DimensionService">
    <location key="find.popup.0.0.3584.2240@192dpi" x="1258" y="232" />
    <size key="GridCell.Tab.0.left.0.0.3584.2240@192dpi" width="3584" height="662" />
    <size key="GridCell.Tab.0.center.0.0.3584.2240@192dpi" width="3584" height="662" />
    <size key="GridCell.Tab.0.right.0.0.3584.2240@192dpi" width="3584" height="662" />
    <size key="GridCell.Tab.0.bottom.0.0.3584.2240@192dpi" width="3584" height="662" />
    <size key="find.popup.0.0.3584.2240@192dpi" width="1426" height="1854" />
    <size key="GridCell.Tab.1.left.0.0.3584.2240@192dpi" width="2668" height="580" />
    <size key="GridCell.Tab.1.center.0.0.3584.2240@192dpi" width="2668" height="580" />
    <size key="GridCell.Tab.1.right.0.0.3584.2240@192dpi" width="2668" height="580" />
    <size key="GridCell.Tab.1.bottom.0.0.3584.2240@192dpi" width="2668" height="580" />
  </component>
  <component name="WindowManager">
    <frame x="0" y="0" width="1792" height="1018" extendedState="6" />
  </component>
  <component name="WindowStateApplicationService">
    <state width="388" height="140" key="ShowUsagesActions.dimensionServiceKey" timestamp="1732985831427">
      <screen x="0" y="25" width="1792" height="1018" />
    </state>
    <state width="388" height="140" key="ShowUsagesActions.dimensionServiceKey/0.25.1792.1018" timestamp="1732985831427" />
    <state x="896" y="472" width="800" height="650" key="WELCOME_SCREEN" timestamp="1732977907974">
      <screen x="0" y="25" width="1792" height="1018" />
    </state>
    <state x="896" y="472" width="800" height="650" key="WELCOME_SCREEN/0.25.1792.1018" timestamp="1732977907974" />
  </component>
</application>