<application>
  <component name="Trusted.Paths">
    <option name="TRUSTED_PROJECT_PATHS">
      <map>
        <entry key="$USER_HOME$/code/golang/hello_world" value="true" />
        <entry key="$USER_HOME$/code/rust/hello_world" value="true" />
      </map>
    </option>
  </component>
  <component name="Trusted.Paths.Settings">
    <option name="TRUSTED_PATHS">
      <list>
        <option value="$USER_HOME$/code/rust" />
        <option value="$USER_HOME$/code/golang" />
      </list>
    </option>
  </component>
</application>